LCLid,day,energy_median,energy_mean,energy_max,energy_count,energy_std,energy_sum,energy_min
MAC000030,12/7/2011,0.165,0.18008,0.578,25,0.115534237,4.502,0.048
MAC000030,12/8/2011,0.126,0.318979169,1.472,48,0.349603033,15.3110001,0.045
MAC000030,12/9/2011,0.1075,0.149479167,0.408,48,0.09626824,7.175,0.046
MAC000030,12/10/2011,0.1895,0.443333333,1.909,48,0.479836822,21.28,0.046
MAC000030,12/11/2011,0.2045,0.566500004,2.3940001,48,0.679804549,27.1920002,0.047
MAC000030,12/12/2011,0.1255,0.143125,0.357,48,0.086749241,6.87,0.047
MAC000030,12/13/2011,0.1045,0.1288125,0.371,48,0.076560824,6.183,0.046
MAC000030,12/14/2011,0.116,0.170416667,1.003,48,0.170090068,8.18,0.046
MAC000030,12/15/2011,0.1555,0.232479167,1.227,48,0.233965445,11.159,0.047
MAC000030,12/16/2011,0.119,0.142166667,0.364,48,0.078008819,6.824,0.046
MAC000030,12/17/2011,0.176,0.355604167,1.313,48,0.361907167,17.069,0.047
MAC000030,12/18/2011,0.224,0.585104167,2.7639999,48,0.65716176,28.085,0.048
MAC000030,12/19/2011,0.125,0.1630625,0.44,48,0.104379098,7.827,0.046
MAC000030,12/20/2011,0.102,0.136833333,0.487,48,0.112688109,6.568,0.045
MAC000030,12/21/2011,0.1405,0.256,0.935,48,0.227575847,12.288,0.046
MAC000030,12/22/2011,0.129,0.1649375,0.456,48,0.108856417,7.917,0.046
MAC000030,12/23/2011,0.122,0.313166669,1.309,48,0.350714919,15.0320001,0.047
MAC000030,12/24/2011,0.4265,0.434,1.437,48,0.350195568,20.832,0.052
MAC000030,12/25/2011,0.8515,0.950520827,4.0939999,48,0.912388511,45.6249997,0.053
MAC000030,12/26/2011,0.584,0.751687506,2.938,48,0.653402042,36.0810003,0.073
MAC000030,12/27/2011,0.289,0.393749998,1.477,48,0.32262866,18.8999999,0.06
MAC000030,12/28/2011,0.565,0.764875002,2.4619999,48,0.665324003,36.7140001,0.054
MAC000030,12/29/2011,0.319,0.3989375,1.255,48,0.307032912,19.149,0.056
MAC000030,12/30/2011,0.257,0.4745,1.814,48,0.469512332,22.776,0.053
MAC000030,12/31/2011,0.208,0.286604167,0.824,48,0.212678135,13.757,0.05
MAC000030,1/1/2012,0.366,0.380104167,0.823,48,0.217930619,18.245,0.057
MAC000030,1/2/2012,0.381,0.552437504,2.1500001,48,0.51731949,26.5170002,0.055
MAC000030,1/3/2012,0.184,0.4183125,2.105,48,0.52906156,20.079,0.064
MAC000030,1/4/2012,0.138,0.442770827,2.529,48,0.638622317,21.2529997,0.05
MAC000030,1/5/2012,0.2745,0.4695625,1.842,48,0.489080201,22.539,0.049
MAC000030,1/6/2012,0.137,0.281541667,1.281,48,0.326520271,13.514,0.048
MAC000030,1/7/2012,0.117,0.17,1.077,48,0.166512411,8.16,0.049
MAC000030,1/8/2012,0.1605,0.324083335,1.59,48,0.375784283,15.5560001,0.047
MAC000030,1/9/2012,0.127,0.256437498,2.2149999,48,0.349088095,12.3089999,0.048
MAC000030,1/10/2012,0.1055,0.129625,0.283,48,0.065470027,6.222,0.049
MAC000030,1/11/2012,0.1065,0.1434375,0.38,48,0.087827662,6.885,0.046
MAC000030,1/12/2012,0.22,0.346541667,1.266,48,0.349734912,16.634,0.046
MAC000030,1/13/2012,0.1175,0.1855,0.428,48,0.131577014,8.904,0.046
MAC000030,1/14/2012,0.2835,0.466479165,3.227,48,0.555570971,22.3909999,0.046
MAC000030,1/15/2012,0.2625,0.464208335,2.4920001,48,0.54055323,22.2820001,0.047
MAC000030,1/16/2012,0.1325,0.191395833,0.878,48,0.182741736,9.187,0.046
MAC000030,1/17/2012,0.1265,0.151625,0.786,48,0.117426052,7.278,0.047
MAC000030,1/18/2012,0.132,0.164708333,0.565,48,0.119354462,7.906,0.046
MAC000030,1/19/2012,0.126,0.1585,0.66,48,0.117256946,7.608,0.045
MAC000030,1/20/2012,0.129,0.186729167,0.981,48,0.188320318,8.963,0.046
MAC000030,1/21/2012,0.1145,0.217791667,1.018,48,0.248634908,10.454,0.044
MAC000030,1/22/2012,0.172,0.405125,1.694,48,0.436017256,19.446,0.046
MAC000030,1/23/2012,0.125,0.229395833,0.921,48,0.223152151,11.011,0.048
MAC000030,1/24/2012,0.1215,0.159520833,0.475,48,0.103454171,7.657,0.046
MAC000030,1/25/2012,0.13,0.169604167,0.708,48,0.127077919,8.141,0.047
MAC000030,1/26/2012,0.1395,0.219458333,1.03,48,0.24181943,10.534,0.046
MAC000030,1/27/2012,0.1265,0.137875,0.367,48,0.072841894,6.618,0.048
MAC000030,1/28/2012,0.1395,0.300083333,1.321,48,0.316908728,14.404,0.046
MAC000030,1/29/2012,0.306,0.543854169,1.837,48,0.554770534,26.1050001,0.047
MAC000030,1/30/2012,0.1195,0.23675,1.794,48,0.358501165,11.364,0.047
MAC000030,1/31/2012,0.123,0.1725,0.679,48,0.140699771,8.28,0.047
MAC000030,2/1/2012,0.153,0.152104167,0.366,48,0.078534242,7.301,0.047
MAC000030,2/2/2012,0.1695,0.253166667,1.061,48,0.234790475,12.152,0.046
MAC000030,2/3/2012,0.217,0.371770833,1.215,48,0.321900027,17.845,0.048
MAC000030,2/4/2012,0.2075,0.321458335,1.12,48,0.265645743,15.4300001,0.048
MAC000030,2/5/2012,0.286,0.468458335,1.839,48,0.488358345,22.4860001,0.048
MAC000030,2/6/2012,0.1195,0.146333333,0.361,48,0.088749069,7.024,0.047
MAC000030,2/7/2012,0.146,0.185208333,0.844,48,0.136948035,8.89,0.046
MAC000030,2/8/2012,0.1595,0.171270833,0.402,48,0.077520276,8.221,0.046
MAC000030,2/9/2012,0.151,0.169375,0.467,48,0.100591786,8.13,0.047
MAC000030,2/10/2012,0.1655,0.301562498,1.251,48,0.331103624,14.4749999,0.047
MAC000030,2/11/2012,0.1795,0.284,1.211,48,0.26513762,13.632,0.061
MAC000030,2/12/2012,0.293,0.57183334,2.5120001,48,0.638739878,27.4480003,0.092
MAC000030,2/13/2012,0.141,0.216354167,1.476,48,0.242750769,10.385,0.047
MAC000030,2/14/2012,0.102,0.123625,0.299,48,0.072862921,5.934,0.046
MAC000030,2/15/2012,0.11,0.128708333,0.359,48,0.076636461,6.178,0.046
MAC000030,2/16/2012,0.114,0.1248125,0.268,48,0.064562902,5.991,0.046
MAC000030,2/17/2012,0.1285,0.1898125,0.962,48,0.165470401,9.111,0.046
MAC000030,2/18/2012,0.321,0.471937504,1.855,48,0.441586914,22.6530002,0.048
MAC000030,2/19/2012,0.3205,0.524479171,2.142,48,0.535225629,25.1750002,0.046
MAC000030,2/20/2012,0.176,0.368458333,1.734,48,0.436246122,17.686,0.046
MAC000030,2/21/2012,0.1125,0.122916667,0.257,48,0.062014354,5.9,0.047
MAC000030,2/22/2012,0.134,0.150416667,0.921,48,0.128787609,7.22,0.046
MAC000030,2/23/2012,0.1015,0.148666667,0.678,48,0.146677288,7.136,0.045
MAC000030,2/24/2012,0.098,0.113083333,0.306,48,0.06542946,5.428,0.045
MAC000030,2/25/2012,0.122,0.353208335,1.567,48,0.424370725,16.9540001,0.047
MAC000030,2/26/2012,0.267,0.591250004,2.7190001,48,0.66339789,28.3800002,0.049
MAC000030,2/27/2012,0.116,0.233437502,1.431,48,0.322135957,11.2050001,0.046
MAC000030,2/28/2012,0.107,0.1143125,0.263,48,0.055480169,5.487,0.046
MAC000030,2/29/2012,0.093,0.115916667,0.387,48,0.07301292,5.564,0.046
MAC000030,3/1/2012,0.1,0.1378125,0.842,48,0.134888237,6.615,0.046
MAC000030,3/2/2012,0.0955,0.1308125,0.395,48,0.086392636,6.279,0.046
MAC000030,3/3/2012,0.2355,0.311645831,1.3559999,48,0.302052016,14.9589999,0.046
MAC000030,3/4/2012,0.25,0.365708331,1.4579999,48,0.285323172,17.5539999,0.045
MAC000030,3/5/2012,0.084,0.126291667,0.682,48,0.138379367,6.062,0.032
MAC000030,3/6/2012,0.0665,0.063375,0.128,48,0.026316102,3.042,0.033
MAC000030,3/7/2012,0.061,0.061854167,0.123,48,0.0260278,2.969,0.032
MAC000030,3/8/2012,0.0685,0.097208333,0.507,48,0.104644679,4.666,0.033
MAC000030,3/9/2012,0.0545,0.058583333,0.124,48,0.025846382,2.812,0.032
MAC000030,3/10/2012,0.0565,0.059895833,0.126,48,0.026926408,2.875,0.032
MAC000030,3/11/2012,0.0595,0.060708333,0.126,48,0.025996692,2.914,0.032
MAC000030,3/12/2012,0.0585,0.060479167,0.126,48,0.025580902,2.903,0.032
MAC000030,3/13/2012,0.0575,0.060041667,0.125,48,0.026538578,2.882,0.032
MAC000030,3/14/2012,0.063,0.060666667,0.127,48,0.026236513,2.912,0.032
MAC000030,3/15/2012,0.056,0.114708333,0.58,48,0.144481606,5.506,0.032
MAC000030,3/16/2012,0.126,0.18025,0.705,48,0.146749098,8.652,0.046
MAC000030,3/17/2012,0.102,0.298479167,1.395,48,0.370023,14.327,0.046
MAC000030,3/18/2012,0.312,0.492916665,1.892,48,0.51107341,23.6599999,0.046
MAC000030,3/19/2012,0.1205,0.154875,0.514,48,0.110351783,7.434,0.046
MAC000030,3/20/2012,0.119,0.138520833,0.767,48,0.118254682,6.649,0.047
MAC000030,3/21/2012,0.11,0.126520833,0.529,48,0.086268751,6.073,0.046
MAC000030,3/22/2012,0.1265,0.155395833,0.722,48,0.127350704,7.459,0.046
MAC000030,3/23/2012,0.1195,0.136708333,0.604,48,0.107611586,6.562,0.046
MAC000030,3/24/2012,0.1305,0.1906875,0.865,48,0.167723577,9.153,0.046
MAC000030,3/25/2012,0.1195,0.448291667,2.3069999,48,0.600385049,21.518,0.046
MAC000030,3/26/2012,0.105,0.219562498,1.2819999,48,0.27372939,10.5389999,0.047
MAC000030,3/27/2012,0.1055,0.120708333,0.366,48,0.071047769,5.794,0.047
MAC000030,3/28/2012,0.105,0.134229167,0.815,48,0.122960509,6.443,0.045
MAC000030,3/29/2012,0.1005,0.2051875,1.081,48,0.26129967,9.849,0.042
MAC000030,3/30/2012,0.075,0.086791667,0.372,48,0.067417707,4.166,0.033
MAC000030,3/31/2012,0.0625,0.065708333,0.127,48,0.025184391,3.154,0.033
MAC000030,4/1/2012,0.056,0.063416667,0.13,48,0.025408018,3.044,0.033
MAC000030,4/2/2012,0.0615,0.063270833,0.125,48,0.026223053,3.037,0.032
MAC000030,4/3/2012,0.07,0.074166667,0.251,48,0.036863944,3.56,0.033
MAC000030,4/4/2012,0.0655,0.062458333,0.123,48,0.02495098,2.998,0.033
MAC000030,4/5/2012,0.0705,0.12425,0.999,48,0.214377823,5.964,0.034
MAC000030,4/6/2012,0.059,0.059729167,0.122,48,0.02465139,2.867,0.033
MAC000030,4/7/2012,0.0565,0.060229167,0.121,48,0.024713886,2.891,0.033
MAC000030,4/8/2012,0.053,0.059,0.122,48,0.025042092,2.832,0.033
MAC000030,4/9/2012,0.064,0.067541667,0.18,48,0.033600885,3.242,0.033
MAC000030,4/10/2012,0.064,0.0605,0.123,48,0.023929862,2.904,0.033
MAC000030,4/11/2012,0.0505,0.0599375,0.123,48,0.024561175,2.877,0.033
MAC000030,4/12/2012,0.0755,0.115104167,0.453,48,0.107117601,5.525,0.033
MAC000030,4/13/2012,0.103,0.1269375,0.395,48,0.073947482,6.093,0.046
MAC000030,4/14/2012,0.1025,0.1740625,0.588,48,0.148538899,8.355,0.047
MAC000030,4/15/2012,0.447,0.696333337,1.91,48,0.659234034,33.4240002,0.046
MAC000030,4/16/2012,0.142,0.2000625,0.935,48,0.172418393,9.603,0.046
MAC000030,4/17/2012,0.1025,0.125770833,0.303,48,0.070235846,6.037,0.046
MAC000030,4/18/2012,0.1025,0.118875,0.375,48,0.066799995,5.706,0.048
MAC000030,4/19/2012,0.1595,0.229625,0.954,48,0.191706849,11.022,0.048
MAC000030,4/20/2012,0.141,0.238416669,1.4960001,48,0.317796801,11.4440001,0.059
MAC000030,4/21/2012,0.104,0.122729167,0.313,48,0.064892297,5.891,0.049
MAC000030,4/22/2012,0.1245,0.244520833,1.326,48,0.27804936,11.737,0.05
MAC000030,4/23/2012,0.1735,0.403729167,1.679,48,0.487667821,19.379,0.052
MAC000030,4/24/2012,0.112,0.121458333,0.315,48,0.064729538,5.83,0.051
MAC000030,4/25/2012,0.1145,0.190729167,0.78,48,0.181385183,9.155,0.051
MAC000030,4/26/2012,0.1585,0.302666665,2.2809999,48,0.401497629,14.5279999,0.049
MAC000030,4/27/2012,0.116,0.282791669,1.992,48,0.446583299,13.5740001,0.049
MAC000030,4/28/2012,0.3075,0.464729167,1.9220001,48,0.488880953,22.307,0.05
MAC000030,4/29/2012,0.3635,0.503208333,1.9630001,48,0.486848091,24.154,0.05
MAC000030,4/30/2012,0.278,0.459041669,1.557,48,0.445229897,22.0340001,0.055
MAC000030,5/1/2012,0.3665,0.470645837,1.557,48,0.399936041,22.5910002,0.056
MAC000030,5/2/2012,0.1575,0.275395831,1.4859999,48,0.308119666,13.2189999,0.054
MAC000030,5/3/2012,0.1645,0.242770833,1.511,48,0.293247208,11.653,0.053
MAC000030,5/4/2012,0.1035,0.131333333,0.712,48,0.111361465,6.304,0.048
MAC000030,5/5/2012,0.2005,0.303625,1.354,48,0.327756047,14.574,0.048
MAC000030,5/6/2012,0.2475,0.414437502,2.293,48,0.475237456,19.8930001,0.048
MAC000030,5/7/2012,0.1395,0.264729167,1.206,48,0.280239088,12.707,0.047
MAC000030,5/8/2012,0.117,0.1293125,0.376,48,0.068598169,6.207,0.048
MAC000030,5/9/2012,0.0995,0.115520833,0.313,48,0.060199311,5.545,0.053
MAC000030,5/10/2012,0.1065,0.1414375,0.838,48,0.130579707,6.789,0.049
MAC000030,5/11/2012,0.103,0.113125,0.33,48,0.056237575,5.43,0.052
MAC000030,5/12/2012,0.124,0.222125,1.566,48,0.278582096,10.662,0.049
MAC000030,5/13/2012,0.209,0.478208329,1.7309999,48,0.515688911,22.9539998,0.05
MAC000030,5/14/2012,0.1355,0.2303125,1.516,48,0.263846277,11.055,0.05
MAC000030,5/15/2012,0.1055,0.119145833,0.286,48,0.062406693,5.719,0.048
MAC000030,5/16/2012,0.1,0.109020833,0.234,48,0.053012038,5.233,0.048
MAC000030,5/17/2012,0.133,0.209,0.921,48,0.199537231,10.032,0.048
MAC000030,5/18/2012,0.11,0.107375,0.222,48,0.044148022,5.154,0.048
MAC000030,5/19/2012,0.123,0.287416665,2.322,48,0.413126106,13.7959999,0.053
MAC000030,5/20/2012,0.1335,0.436166667,2.0799999,48,0.530329655,20.936,0.054
MAC000030,5/21/2012,0.1095,0.205395833,1.283,48,0.246940749,9.859,0.048
MAC000030,5/22/2012,0.1145,0.14225,0.691,48,0.117138307,6.828,0.05
MAC000030,5/23/2012,0.1235,0.203708333,1.082,48,0.209270969,9.778,0.053
MAC000030,5/24/2012,0.1265,0.139041667,0.341,48,0.065647336,6.674,0.054
MAC000030,5/25/2012,0.1255,0.131895833,0.3,48,0.053154227,6.331,0.056
MAC000030,5/26/2012,0.129,0.212812498,1.215,48,0.250549741,10.2149999,0.053
MAC000030,5/27/2012,0.189,0.302062502,1.5930001,48,0.297412067,14.4990001,0.052
MAC000030,5/28/2012,0.15,0.228541667,1.138,48,0.221187891,10.97,0.057
MAC000030,5/29/2012,0.144,0.1441875,0.513,48,0.072569162,6.921,0.054
MAC000030,5/30/2012,0.121,0.115958333,0.249,48,0.044594608,5.566,0.056
MAC000030,5/31/2012,0.145,0.1786875,0.726,48,0.144328696,8.577,0.053
MAC000030,6/1/2012,0.108,0.118854167,0.283,48,0.05766779,5.705,0.053
MAC000030,6/2/2012,0.1105,0.169583333,1.114,48,0.175352027,8.14,0.052
MAC000030,6/3/2012,0.124,0.300895833,1.171,48,0.297252399,14.443,0.054
MAC000030,6/4/2012,0.128,0.268625,1.432,48,0.29175322,12.894,0.053
MAC000030,6/5/2012,0.1315,0.386104169,2.0120001,48,0.449389487,18.5330001,0.048
MAC000030,6/6/2012,0.111,0.199604169,1.1670001,48,0.261777219,9.5810001,0.051
MAC000030,6/7/2012,0.1195,0.1403125,0.596,48,0.103090367,6.735,0.05
MAC000030,6/8/2012,0.103,0.111666667,0.326,48,0.052619604,5.36,0.053
MAC000030,6/9/2012,0.1165,0.264291669,1.321,48,0.34203596,12.6860001,0.049
MAC000030,6/10/2012,0.212,0.380499998,2.175,48,0.416416624,18.2639999,0.052
MAC000030,6/11/2012,0.1305,0.1943125,0.729,48,0.140938519,9.327,0.051
MAC000030,6/12/2012,0.118,0.131916667,0.352,48,0.069934265,6.332,0.051
MAC000030,6/13/2012,0.109,0.115145833,0.288,48,0.055067073,5.527,0.051
MAC000030,6/14/2012,0.126,0.2535625,1.668,48,0.295985473,12.171,0.049
MAC000030,6/15/2012,0.1185,0.125604167,0.297,48,0.055542102,6.029,0.05
MAC000030,6/16/2012,0.1305,0.217875,1.006,48,0.21114285,10.458,0.068
MAC000030,6/17/2012,0.145,0.184166667,0.996,48,0.17437296,8.84,0.053
MAC000030,6/18/2012,0.1505,0.290041667,1.067,48,0.327778205,13.922,0.055
MAC000030,6/19/2012,0.1145,0.134,0.56,48,0.090365216,6.432,0.055
MAC000030,6/20/2012,0.111,0.1165625,0.258,48,0.046048035,5.595,0.054
MAC000030,6/21/2012,0.1255,0.189729167,0.748,48,0.162067853,9.107,0.052
MAC000030,6/22/2012,0.1195,0.190729169,1.1390001,48,0.252918525,9.1550001,0.053
MAC000030,6/23/2012,0.117,0.179312502,1.2690001,48,0.198332438,8.6070001,0.054
MAC000030,6/24/2012,0.252,0.432020833,1.849,48,0.403472612,20.737,0.055
MAC000030,6/25/2012,0.1375,0.176895833,0.608,48,0.128304863,8.491,0.055
MAC000030,6/26/2012,0.1385,0.15775,0.674,48,0.106968975,7.572,0.054
MAC000030,6/27/2012,0.19,0.1976875,0.402,48,0.059655092,9.489,0.123
MAC000030,6/28/2012,0.1855,0.221479167,0.718,48,0.126269214,10.631,0.065
MAC000030,6/29/2012,0.1235,0.154145833,0.698,48,0.124893314,7.399,0.056
MAC000030,6/30/2012,0.116,0.13025,0.409,48,0.080978721,6.252,0.054
MAC000030,7/1/2012,0.1845,0.343520833,1.653,48,0.373194433,16.489,0.055
MAC000030,7/2/2012,0.141,0.283104169,1.551,48,0.35967848,13.5890001,0.056
MAC000030,7/3/2012,0.105,0.120979167,0.353,48,0.069306439,5.807,0.054
MAC000030,7/4/2012,0.12,0.118729167,0.251,48,0.043096497,5.699,0.056
MAC000030,7/5/2012,0.1285,0.220729167,1.3,48,0.266312386,10.595,0.054
MAC000030,7/6/2012,0.1675,0.270458329,1.842,48,0.348113807,12.9819998,0.056
MAC000030,7/7/2012,0.1485,0.20975,1.262,48,0.218430621,10.068,0.053
MAC000030,7/8/2012,0.0925,0.108166667,0.572,48,0.090536071,5.192,0.041
MAC000030,7/9/2012,0.0795,0.083479167,0.143,48,0.029777179,4.007,0.042
MAC000030,7/10/2012,0.077,0.082895833,0.15,48,0.031351975,3.979,0.041
MAC000030,7/11/2012,0.0905,0.089895833,0.247,48,0.038198941,4.315,0.04
MAC000030,7/12/2012,0.0865,0.098145833,0.616,48,0.08351175,4.711,0.041
MAC000030,7/13/2012,0.0785,0.082666667,0.138,48,0.03195298,3.968,0.041
MAC000030,7/14/2012,0.081,0.081604167,0.141,48,0.028746685,3.917,0.041
MAC000030,7/15/2012,0.0775,0.080145833,0.141,48,0.028935725,3.847,0.04
MAC000030,7/16/2012,0.0765,0.078270833,0.137,48,0.029358198,3.757,0.039
MAC000030,7/17/2012,0.0895,0.087375,0.254,48,0.039472924,4.194,0.04
MAC000030,7/18/2012,0.083,0.0828125,0.141,48,0.030641132,3.975,0.041
MAC000030,7/19/2012,0.081,0.082645833,0.133,48,0.031317516,3.967,0.041
MAC000030,7/20/2012,0.0805,0.080479167,0.162,48,0.029247287,3.863,0.041
MAC000030,7/21/2012,0.082,0.081625,0.135,48,0.030412501,3.918,0.039
MAC000030,7/22/2012,0.092,0.091895833,0.235,48,0.03880954,4.411,0.039
MAC000030,7/23/2012,0.0915,0.091375,0.148,48,0.034087887,4.386,0.04
MAC000030,7/24/2012,0.096,0.094708333,0.157,48,0.034761778,4.546,0.041
MAC000030,7/25/2012,0.108,0.099395833,0.16,48,0.033680438,4.771,0.042
MAC000030,7/26/2012,0.1105,0.101041667,0.179,48,0.036130354,4.85,0.042
MAC000030,7/27/2012,0.1045,0.104083333,0.25,48,0.039057967,4.996,0.042
MAC000030,7/28/2012,0.096,0.0935,0.159,48,0.03272191,4.488,0.042
MAC000030,7/29/2012,0.091,0.088083333,0.152,48,0.031535076,4.228,0.041
MAC000030,7/30/2012,0.0845,0.086583333,0.155,48,0.031801802,4.156,0.042
MAC000030,7/31/2012,0.085,0.086041667,0.147,48,0.029361256,4.13,0.041
MAC000030,8/1/2012,0.093,0.0905,0.249,48,0.039501145,4.344,0.042
MAC000030,8/2/2012,0.0795,0.08525,0.156,48,0.031063764,4.092,0.042
MAC000030,8/3/2012,0.0925,0.091354167,0.159,48,0.034327267,4.385,0.042
MAC000030,8/4/2012,0.086,0.08775,0.148,48,0.030681965,4.212,0.042
MAC000030,8/5/2012,0.0845,0.088458333,0.145,48,0.031467618,4.246,0.042
MAC000030,8/6/2012,0.106,0.1099375,0.299,48,0.066676228,5.277,0.041
MAC000030,8/7/2012,0.0825,0.084,0.157,48,0.030686472,4.032,0.041
MAC000030,8/8/2012,0.0845,0.0839375,0.135,48,0.031547604,4.029,0.041
MAC000030,8/9/2012,0.089,0.088104167,0.166,48,0.033576993,4.229,0.041
MAC000030,8/10/2012,0.093,0.091020833,0.165,48,0.032865613,4.369,0.042
MAC000030,8/11/2012,0.132,0.2339375,0.758,48,0.227241685,11.229,0.041
MAC000030,8/12/2012,0.12,0.143833333,0.84,48,0.148989552,6.904,0.042
MAC000030,8/13/2012,0.0925,0.0911875,0.15,48,0.030826665,4.377,0.042
MAC000030,8/14/2012,0.097,0.0984375,0.247,48,0.039712749,4.725,0.042
MAC000030,8/15/2012,0.09,0.089770833,0.166,48,0.030942115,4.309,0.042
MAC000030,8/16/2012,0.088,0.089895833,0.148,48,0.030538598,4.315,0.042
MAC000030,8/17/2012,0.0895,0.092395833,0.152,48,0.033922151,4.435,0.043
MAC000030,8/18/2012,0.0965,0.098,0.169,48,0.031562164,4.704,0.043
MAC000030,8/19/2012,0.117,0.109729167,0.219,48,0.037926996,5.267,0.043
MAC000030,8/20/2012,0.098,0.098041667,0.175,48,0.03491446,4.706,0.042
MAC000030,8/21/2012,0.092,0.095270833,0.175,48,0.034196391,4.573,0.042
MAC000030,8/22/2012,0.09,0.092958333,0.143,48,0.030815828,4.462,0.042
MAC000030,8/23/2012,0.1015,0.098729167,0.213,48,0.037031752,4.739,0.042
MAC000030,8/24/2012,0.091,0.088270833,0.158,48,0.03182849,4.237,0.042
MAC000030,8/25/2012,0.089,0.087458333,0.161,48,0.031600538,4.198,0.042
MAC000030,8/26/2012,0.086,0.087625,0.159,48,0.031570674,4.206,0.042
MAC000030,8/27/2012,0.088,0.085645833,0.133,48,0.030021616,4.111,0.041
MAC000030,8/28/2012,0.09,0.088041667,0.136,48,0.032322812,4.226,0.042
MAC000030,8/29/2012,0.0875,0.091083333,0.248,48,0.038642295,4.372,0.041
MAC000030,8/30/2012,0.0775,0.0808125,0.129,48,0.028306571,3.879,0.041
MAC000030,8/31/2012,0.081,0.079145833,0.13,48,0.029177366,3.799,0.04
MAC000030,9/1/2012,0.0795,0.079645833,0.145,48,0.029262924,3.823,0.04
MAC000030,9/2/2012,0.098,0.200666667,1.352,48,0.268371157,9.632,0.041
MAC000030,9/3/2012,0.1315,0.2048125,1.326,48,0.239224781,9.831,0.061
MAC000030,9/4/2012,0.1485,0.279083333,1.188,48,0.328814624,13.396,0.059
MAC000030,9/5/2012,0.128,0.1206875,0.218,48,0.043917794,5.793,0.057
MAC000030,9/6/2012,0.1285,0.139145833,0.562,48,0.091240386,6.679,0.057
MAC000030,9/7/2012,0.1135,0.1215625,0.24,48,0.051061459,5.835,0.057
MAC000030,9/8/2012,0.1455,0.247875,1.266,48,0.265064635,11.898,0.057
MAC000030,9/9/2012,0.121,0.118708333,0.264,48,0.04386777,5.698,0.057
MAC000030,9/10/2012,0.123,0.1823125,1.149,48,0.212285652,8.751,0.055
MAC000030,9/11/2012,0.1355,0.222395833,1.575,48,0.30835885,10.675,0.055
MAC000030,9/12/2012,0.224,0.247916667,0.909,48,0.181422023,11.9,0.054
MAC000030,9/13/2012,0.173,0.218916667,1.109,48,0.190012747,10.508,0.058
MAC000030,9/14/2012,0.112,0.130479167,0.757,48,0.108486687,6.263,0.055
MAC000030,9/15/2012,0.145,0.3036875,1.534,48,0.328880639,14.577,0.055
MAC000030,9/16/2012,0.2555,0.449229169,1.38,48,0.416365546,21.5630001,0.056
MAC000030,9/17/2012,0.144,0.272708335,1.363,48,0.324476668,13.0900001,0.057
MAC000030,9/18/2012,0.1195,0.137145833,0.718,48,0.103007331,6.583,0.055
MAC000030,9/19/2012,0.154,0.317333333,1.839,48,0.398956049,15.232,0.055
MAC000030,9/20/2012,0.1345,0.196854167,0.6,48,0.13661329,9.449,0.053
MAC000030,9/21/2012,0.1315,0.242604165,1.4069999,48,0.273825121,11.6449999,0.051
MAC000030,9/22/2012,0.17,0.256624998,1.4069999,48,0.265165585,12.3179999,0.062
MAC000030,9/23/2012,0.194,0.438979165,2.1110001,48,0.502076094,21.0709999,0.052
MAC000030,9/24/2012,0.1235,0.125666667,0.29,48,0.057656109,6.032,0.055
MAC000030,9/25/2012,0.1185,0.121791667,0.3,48,0.056129394,5.846,0.054
MAC000030,9/26/2012,0.154,0.331958333,1.807,48,0.388976562,15.934,0.054
MAC000030,9/27/2012,0.159,0.324854165,1.239,48,0.346727798,15.5929999,0.056
MAC000030,9/28/2012,0.144,0.2544375,1.345,48,0.275434968,12.213,0.055
MAC000030,9/29/2012,0.128,0.263166667,1.252,48,0.291269294,12.632,0.055
MAC000030,9/30/2012,0.2595,0.449520831,1.751,48,0.437727105,21.5769999,0.052
MAC000030,10/1/2012,0.1725,0.397958331,1.693,48,0.471758,19.1019999,0.057
MAC000030,10/2/2012,0.104,0.129833333,0.686,48,0.09991216,6.232,0.055
MAC000030,10/3/2012,0.129,0.128729167,0.381,48,0.065419998,6.179,0.054
MAC000030,10/4/2012,0.134,0.1906875,1.041,48,0.176089696,9.153,0.053
MAC000030,10/5/2012,0.103,0.108604167,0.302,48,0.049772991,5.213,0.053
MAC000030,10/6/2012,0.1215,0.145395833,0.679,48,0.119432655,6.979,0.048
MAC000030,10/7/2012,0.09,0.090729167,0.202,48,0.037110381,4.355,0.048
MAC000030,10/8/2012,0.0955,0.1235625,0.44,48,0.090206597,5.931,0.048
MAC000030,10/9/2012,0.129,0.155729167,0.881,48,0.128262321,7.475,0.049
MAC000030,10/10/2012,0.1285,0.135208333,0.333,48,0.077117197,6.49,0.054
MAC000030,10/11/2012,0.1195,0.250458335,1.875,48,0.390920522,12.0220001,0.053
MAC000030,10/12/2012,0.1325,0.148770833,0.433,48,0.093718283,7.141,0.053
MAC000030,10/13/2012,0.136,0.419375,2.3050001,48,0.53071825,20.13,0.051
MAC000030,10/14/2012,0.156,0.410770835,2.7490001,48,0.541491222,19.7170001,0.049
MAC000030,10/15/2012,0.165,0.252333333,1.472,48,0.266045775,12.112,0.056
MAC000030,10/16/2012,0.136,0.153354167,0.356,48,0.075124433,7.361,0.054
MAC000030,10/17/2012,0.143,0.163893617,1.012,47,0.142939518,7.703,0.053
MAC000030,10/18/2012,0.1185,0.196,1.255,48,0.241965885,9.408,0.053
MAC000030,10/19/2012,0.199,0.435145835,1.869,48,0.45688129,20.8870001,0.057
MAC000030,10/20/2012,0.2715,0.496666671,1.5190001,48,0.451284243,23.8400002,0.056
MAC000030,10/21/2012,0.375,0.442416667,1.775,48,0.364456566,21.236,0.056
MAC000030,10/22/2012,0.1865,0.339416667,1.678,48,0.385929926,16.292,0.055
MAC000030,10/23/2012,0.1785,0.419687498,2.723,48,0.51879845,20.1449999,0.055
MAC000030,10/24/2012,0.1605,0.334854169,1.147,48,0.329950548,16.0730001,0.055
MAC000030,10/25/2012,0.2585,0.391270835,1.299,48,0.347211555,18.7810001,0.056
MAC000030,10/26/2012,0.144,0.333875,1.271,48,0.347855107,16.026,0.051
MAC000030,10/27/2012,0.261,0.3038125,0.835,48,0.215849204,14.583,0.05
MAC000030,10/28/2012,0.26,0.356708333,1.186,48,0.288592989,17.122,0.082
MAC000030,10/29/2012,0.144,0.196979167,0.623,48,0.142901169,9.455,0.055
MAC000030,10/30/2012,0.3095,0.445541667,1.324,48,0.382549508,21.386,0.054
MAC000030,10/31/2012,0.383,0.449791667,1.021,48,0.241965002,21.59,0.088
MAC000030,11/1/2012,0.1415,0.344583335,1.308,48,0.352269839,16.5400001,0.055
MAC000030,11/2/2012,0.2285,0.330270831,1.5779999,48,0.291371782,15.8529999,0.053
MAC000030,11/3/2012,0.35,0.426541667,1.381,48,0.280352966,20.474,0.099
MAC000030,11/4/2012,0.3425,0.482645833,1.589,48,0.389245505,23.167,0.076
MAC000030,11/5/2012,0.151,0.295083333,1.883,48,0.387192394,14.164,0.055
MAC000030,11/6/2012,0.0955,0.132541667,0.727,48,0.140409425,6.362,0.048
MAC000030,11/7/2012,0.0885,0.0924375,0.158,48,0.031944038,4.437,0.047
MAC000030,11/8/2012,0.087,0.0890625,0.161,48,0.031284832,4.275,0.047
MAC000030,11/9/2012,0.0835,0.084583333,0.158,48,0.030623196,4.06,0.047
MAC000030,11/10/2012,0.084,0.085479167,0.157,48,0.031257332,4.103,0.047
MAC000030,11/11/2012,0.101,0.125770833,0.46,48,0.085071744,6.037,0.047
MAC000030,11/12/2012,0.101,0.115,0.269,48,0.064651932,5.52,0.047
MAC000030,11/13/2012,0.1075,0.116541667,0.316,48,0.063350077,5.594,0.047
MAC000030,11/14/2012,0.1615,0.261333333,1.3660001,48,0.307461974,12.544,0.048
MAC000030,11/15/2012,0.177,0.235541667,0.999,48,0.214194876,11.306,0.051
MAC000030,11/16/2012,0.144,0.190958333,0.931,48,0.156718742,9.166,0.049
MAC000030,11/17/2012,0.128,0.294708333,1.285,48,0.292138044,14.146,0.052
MAC000030,11/18/2012,0.3005,0.544625,2.155,48,0.568791613,26.142,0.051
MAC000030,11/19/2012,0.153,0.2803125,1.278,48,0.303472187,13.455,0.049
MAC000030,11/20/2012,0.1335,0.1571875,0.416,48,0.091943011,7.545,0.048
MAC000030,11/21/2012,0.117,0.142916667,0.408,48,0.087603758,6.86,0.05
MAC000030,11/22/2012,0.1375,0.1651875,0.581,48,0.105239677,7.929,0.051
MAC000030,11/23/2012,0.157,0.17925,0.668,48,0.115549474,8.604,0.051
MAC000030,11/24/2012,0.2425,0.408166669,1.375,48,0.375579178,19.5920001,0.055
MAC000030,11/25/2012,0.1375,0.276125,1.306,48,0.269728045,13.254,0.047
MAC000030,11/26/2012,0.259,0.518562498,1.689,48,0.488250364,24.8909999,0.075
MAC000030,11/27/2012,0.137,0.190041667,0.904,48,0.154783989,9.122,0.049
MAC000030,11/28/2012,0.155,0.198604167,0.766,48,0.148157728,9.533,0.048
MAC000030,11/29/2012,0.176,0.286458333,1.515,48,0.293664011,13.75,0.069
MAC000030,11/30/2012,0.1275,0.192916667,0.906,48,0.165197217,9.26,0.047
MAC000030,12/1/2012,0.1255,0.263062498,2.313,48,0.38238108,12.6269999,0.046
MAC000030,12/2/2012,0.231,0.579437502,3.0380001,48,0.736393951,27.8130001,0.069
MAC000030,12/3/2012,0.1445,0.199083333,0.901,48,0.150590587,9.556,0.05
MAC000030,12/4/2012,0.153,0.199770833,0.682,48,0.142653462,9.589,0.049
MAC000030,12/5/2012,0.1895,0.2078125,0.424,48,0.09272188,9.975,0.067
MAC000030,12/6/2012,0.1225,0.1489375,0.358,48,0.085445866,7.149,0.047
MAC000030,12/7/2012,0.1255,0.159458333,0.916,48,0.149063596,7.654,0.048
MAC000030,12/8/2012,0.1595,0.294479169,2.0420001,48,0.35740109,14.1350001,0.047
MAC000030,12/9/2012,0.4985,0.620041669,1.8660001,48,0.538108392,29.7620001,0.067
MAC000030,12/10/2012,0.1865,0.2615625,1.648,48,0.283780699,12.555,0.047
MAC000030,12/11/2012,0.1295,0.1625625,0.491,48,0.096190172,7.803,0.05
MAC000030,12/12/2012,0.161,0.194020833,0.559,48,0.130472544,9.313,0.048
MAC000030,12/13/2012,0.1305,0.158,0.483,48,0.092700387,7.584,0.047
MAC000030,12/14/2012,0.1465,0.200229167,0.759,48,0.151922326,9.611,0.048
MAC000030,12/15/2012,0.2625,0.426354167,1.926,48,0.429632623,20.465,0.05
MAC000030,12/16/2012,0.28,0.603333335,2.506,48,0.643118715,28.9600001,0.067
MAC000030,12/17/2012,0.226,0.491041665,2.53,48,0.556681271,23.5699999,0.05
MAC000030,12/18/2012,0.125,0.143541667,0.388,48,0.075668358,6.89,0.051
MAC000030,12/19/2012,0.1765,0.3236875,1.37,48,0.31412507,15.537,0.052
MAC000030,12/20/2012,0.4765,0.518354169,1.6160001,48,0.427361108,24.8810001,0.06
MAC000030,12/21/2012,0.2435,0.3428125,1.383,48,0.300415645,16.455,0.052
MAC000030,12/22/2012,0.269,0.376083333,1.467,48,0.296722941,18.052,0.123
MAC000030,12/23/2012,0.2185,0.365041667,1.978,48,0.371015109,17.522,0.052
MAC000030,12/24/2012,0.3915,0.4159375,1.33,48,0.341535482,19.965,0.05
MAC000030,12/25/2012,0.761,0.81072916,3.1129999,48,0.673232827,38.9149997,0.059
MAC000030,12/26/2012,0.7025,0.796874998,2.27,48,0.622731782,38.2499999,0.058
MAC000030,12/27/2012,0.4555,0.539250004,1.483,48,0.397020425,25.8840002,0.054
MAC000030,12/28/2012,0.2485,0.2951875,1.005,48,0.222766327,14.169,0.052
MAC000030,12/29/2012,0.2855,0.432333333,1.969,48,0.445280181,20.752,0.059
MAC000030,12/30/2012,0.2245,0.4010625,1.294,48,0.368567059,19.251,0.052
MAC000030,12/31/2012,0.2055,0.342458333,1.275,48,0.283665293,16.438,0.054
MAC000030,1/1/2013,0.1475,0.269270833,1.046,48,0.249642531,12.925,0.058
MAC000030,1/2/2013,0.3185,0.420770833,1.6339999,48,0.374600111,20.197,0.064
MAC000030,1/3/2013,0.147,0.265520833,1.307,48,0.256221645,12.745,0.056
MAC000030,1/4/2013,0.227,0.467687498,2.0369999,48,0.510842482,22.4489999,0.053
MAC000030,1/5/2013,0.3115,0.4416875,1.8099999,48,0.454036747,21.201,0.055
MAC000030,1/6/2013,0.301,0.724437508,3.0710001,48,0.823149984,34.7730004,0.048
MAC000030,1/7/2013,0.2455,0.441979163,2.1329999,48,0.500831065,21.2149998,0.053
MAC000030,1/8/2013,0.128,0.185958333,0.678,48,0.144457895,8.926,0.05
MAC000030,1/9/2013,0.1325,0.1755,0.512,48,0.112338773,8.424,0.049
MAC000030,1/10/2013,0.2315,0.328104167,1.064,48,0.27021215,15.749,0.048
MAC000030,1/11/2013,0.16,0.202583333,0.847,48,0.156810474,9.724,0.049
MAC000030,1/12/2013,0.1965,0.405333335,1.647,48,0.484413155,19.4560001,0.048
MAC000030,1/13/2013,0.358,0.436270831,1.4119999,48,0.357777397,20.9409999,0.048
MAC000030,1/14/2013,0.205,0.219145833,0.48,48,0.119611248,10.519,0.048
MAC000030,1/15/2013,0.163,0.189416667,0.747,48,0.148028294,9.092,0.048
MAC000030,1/16/2013,0.242,0.254645833,1.476,48,0.218153029,12.223,0.047
MAC000030,1/17/2013,0.1805,0.1865625,0.418,48,0.062121332,8.955,0.108
MAC000030,1/18/2013,0.2385,0.305458331,1.1289999,48,0.255926924,14.6619999,0.058
MAC000030,1/19/2013,0.3655,0.604687504,1.849,48,0.54874876,29.0250002,0.059
MAC000030,1/20/2013,0.28,0.4141875,1.5,48,0.358928171,19.881,0.06
MAC000030,1/21/2013,0.233,0.289437498,1.859,48,0.327564372,13.8929999,0.063
MAC000030,1/22/2013,0.179,0.187791667,0.459,48,0.088562986,9.014,0.06
MAC000030,1/23/2013,0.1945,0.252229171,1.3430001,48,0.242579088,12.1070002,0.063
MAC000030,1/24/2013,0.1935,0.244270833,1.151,48,0.219851666,11.725,0.059
MAC000030,1/25/2013,0.189,0.203833333,0.914,48,0.136203904,9.784,0.058
MAC000030,1/26/2013,0.131,0.141083333,0.36,48,0.07300476,6.772,0.058
MAC000030,1/27/2013,0.141,0.437958333,1.887,48,0.453089534,21.022,0.059
MAC000030,1/28/2013,0.217,0.329374998,2.075,48,0.385722339,15.8099999,0.058
MAC000030,1/29/2013,0.146,0.249958331,1.4119999,48,0.280478986,11.9979999,0.06
MAC000030,1/30/2013,0.141,0.200270833,0.667,48,0.141073052,9.613,0.058
MAC000030,1/31/2013,0.151,0.2098125,1.443,48,0.23467131,10.071,0.061
MAC000030,2/1/2013,0.1685,0.5211875,2.112,48,0.566602777,25.017,0.058
MAC000030,2/2/2013,0.7815,0.724375,2.059,48,0.561674685,34.77,0.058
MAC000030,2/3/2013,0.1055,0.1446875,1.217,48,0.201720172,6.945,0.056
MAC000030,2/4/2013,0.2285,0.295479167,0.977,48,0.24766312,14.183,0.058
MAC000030,2/5/2013,0.1945,0.201125,0.386,48,0.093787361,9.654,0.058
MAC000030,2/6/2013,0.193,0.255229169,1.2180001,48,0.235270902,12.2510001,0.064
MAC000030,2/7/2013,0.161,0.185166667,0.671,48,0.114966847,8.888,0.058
MAC000030,2/8/2013,0.1845,0.316375,1.3660001,48,0.335343498,15.186,0.058
MAC000030,2/9/2013,0.1665,0.222104167,1.357,48,0.21259053,10.661,0.056
MAC000030,2/10/2013,0.379,0.589166673,1.964,48,0.5905469,28.2800003,0.058
MAC000030,2/11/2013,0.1815,0.2061875,0.622,48,0.120428783,9.897,0.058
MAC000030,2/12/2013,0.1315,0.1655625,0.404,48,0.097016758,7.947,0.056
MAC000030,2/13/2013,0.1895,0.206333333,0.559,48,0.121247827,9.904,0.059
MAC000030,2/14/2013,0.1715,0.277999998,1.244,48,0.305975865,13.3439999,0.058
MAC000030,2/15/2013,0.1325,0.149458333,0.397,48,0.077914017,7.174,0.058
MAC000030,2/16/2013,0.1205,0.292062502,1.2640001,48,0.315785108,14.0190001,0.059
MAC000030,2/17/2013,0.2915,0.553374998,1.869,48,0.53497256,26.5619999,0.058
MAC000030,2/18/2013,0.1345,0.292333333,1.222,48,0.313688037,14.032,0.058
MAC000030,2/19/2013,0.1985,0.300270833,1.441,48,0.328199391,14.413,0.058
MAC000030,2/20/2013,0.1835,0.401895835,1.7410001,48,0.43782326,19.2910001,0.058
MAC000030,2/21/2013,0.389,0.419541667,1.2869999,48,0.320930094,20.138,0.063
MAC000030,2/22/2013,0.2405,0.291208333,0.931,48,0.191059193,13.978,0.077
MAC000030,2/23/2013,0.2055,0.222458333,0.935,48,0.153528701,10.678,0.06
MAC000030,2/24/2013,0.235,0.523750002,1.677,48,0.486935208,25.1400001,0.058
MAC000030,2/25/2013,0.519,0.543208333,1.714,48,0.424876901,26.074,0.064
MAC000030,2/26/2013,0.225,0.3179375,1.113,48,0.241698635,15.261,0.081
MAC000030,2/27/2013,0.1645,0.369416665,2.1659999,48,0.430584889,17.7319999,0.058
MAC000030,2/28/2013,0.2235,0.313249998,1.21,48,0.245480634,15.0359999,0.058
MAC000030,3/1/2013,0.219,0.2770625,1.398,48,0.247307665,13.299,0.064
MAC000030,3/2/2013,0.1885,0.341083333,1.374,48,0.352355045,16.372,0.058
MAC000030,3/3/2013,0.1685,0.285875002,1.454,48,0.316037482,13.7220001,0.063
MAC000030,3/4/2013,0.121,0.149208333,0.468,48,0.092461598,7.162,0.06
MAC000030,3/5/2013,0.1345,0.2145,1.819,48,0.2919108,10.296,0.061
MAC000030,3/6/2013,0.1335,0.170645833,0.6,48,0.114057748,8.191,0.058
MAC000030,3/7/2013,0.1435,0.168229167,0.595,48,0.105170225,8.075,0.06
MAC000030,3/8/2013,0.142,0.1685625,0.824,48,0.118098211,8.091,0.065
MAC000030,3/9/2013,0.2005,0.353458333,1.421,48,0.367092078,16.966,0.06
MAC000030,3/10/2013,0.3705,0.538291667,1.773,48,0.452795429,25.838,0.061
MAC000030,3/11/2013,0.222,0.277166667,1.101,48,0.239379102,13.304,0.059
MAC000030,3/12/2013,0.245,0.269937498,1.4119999,48,0.223438343,12.9569999,0.074
MAC000030,3/13/2013,0.0985,0.126520833,0.744,48,0.119161966,6.073,0.059
MAC000030,3/14/2013,0.092,0.096416667,0.222,48,0.030311737,4.628,0.056
MAC000030,3/15/2013,0.086,0.083270833,0.123,48,0.019427705,3.997,0.052
MAC000030,3/16/2013,0.084,0.0811875,0.122,48,0.020929117,3.897,0.046
MAC000030,3/17/2013,0.081,0.078604167,0.12,48,0.019690952,3.773,0.047
MAC000030,3/18/2013,0.085,0.087854167,0.172,48,0.025946745,4.217,0.049
MAC000030,3/19/2013,0.081,0.077854167,0.121,48,0.019908289,3.737,0.046
MAC000030,3/20/2013,0.086,0.083083333,0.13,48,0.021997904,3.988,0.051
MAC000030,3/21/2013,0.2035,0.207875,1.2,48,0.176496956,9.978,0.052
MAC000030,3/22/2013,0.2035,0.410124998,1.65,48,0.428773687,19.6859999,0.064
MAC000030,3/23/2013,0.2945,0.465458338,1.4809999,48,0.415201776,22.3420002,0.06
MAC000030,3/24/2013,0.262,0.433874998,2.1719999,48,0.507671797,20.8259999,0.069
MAC000030,3/25/2013,0.155,0.238166667,1.576,48,0.249059365,11.432,0.062
MAC000030,3/26/2013,0.1575,0.166291667,0.426,48,0.083076985,7.982,0.055
MAC000030,3/27/2013,0.173,0.181395833,0.674,48,0.110758841,8.707,0.055
MAC000030,3/28/2013,0.1195,0.275333333,1.137,48,0.298229979,13.216,0.055
MAC000030,3/29/2013,0.2975,0.418125,1.307,48,0.324737905,20.07,0.059
MAC000030,3/30/2013,0.201,0.3895625,2.299,48,0.506071561,18.699,0.048
MAC000030,3/31/2013,0.26,0.391249998,1.558,48,0.39041622,18.7799999,0.052
MAC000030,4/1/2013,0.1955,0.355999998,1.4069999,48,0.367152985,17.0879999,0.048
MAC000030,4/2/2013,0.119,0.175375,0.58,48,0.122881819,8.418,0.06
MAC000030,4/3/2013,0.111,0.153208333,0.393,48,0.098552925,7.354,0.048
MAC000030,4/4/2013,0.188,0.364,1.176,48,0.354028127,17.472,0.056
MAC000030,4/5/2013,0.157,0.212770833,0.832,48,0.150723537,10.213,0.077
MAC000030,4/6/2013,0.111,0.277124998,1.7029999,48,0.344047466,13.3019999,0.053
MAC000030,4/7/2013,0.17,0.325104169,1.358,48,0.33902616,15.6050001,0.05
MAC000030,4/8/2013,0.153,0.171541667,0.415,48,0.085680495,8.234,0.059
MAC000030,4/9/2013,0.1275,0.167375,0.61,48,0.119829955,8.034,0.059
MAC000030,4/10/2013,0.129,0.265208335,1.398,48,0.360914208,12.7300001,0.059
MAC000030,4/11/2013,0.134,0.182145833,0.719,48,0.134215132,8.743,0.061
MAC000030,4/12/2013,0.1065,0.114354167,0.298,48,0.05377316,5.489,0.053
MAC000030,4/13/2013,0.089,0.087104167,0.151,48,0.028982929,4.181,0.047
MAC000030,4/14/2013,0.088,0.090625,0.163,48,0.026569559,4.35,0.047
MAC000030,4/15/2013,0.0975,0.093583333,0.15,48,0.028339007,4.492,0.049
MAC000030,4/16/2013,0.1005,0.107166667,0.236,48,0.046632257,5.144,0.052
MAC000030,4/17/2013,0.1225,0.132208333,0.263,48,0.059764416,6.346,0.053
MAC000030,4/18/2013,0.12,0.180979167,1.161,48,0.209540784,8.687,0.047
MAC000030,4/19/2013,0.1225,0.241833333,1.217,48,0.286380667,11.608,0.047
MAC000030,4/20/2013,0.173,0.258333333,1.097,48,0.22396251,12.4,0.046
MAC000030,4/21/2013,0.2515,0.566541669,2.8010001,48,0.607337444,27.1940001,0.065
MAC000030,4/22/2013,0.158,0.311979167,1.909,48,0.371794526,14.975,0.059
MAC000030,4/23/2013,0.1355,0.145145833,0.278,48,0.055477804,6.967,0.064
MAC000030,4/24/2013,0.1395,0.148520833,0.351,48,0.065601956,7.129,0.053
MAC000030,4/25/2013,0.118,0.131375,0.51,48,0.088876348,6.306,0.051
MAC000030,4/26/2013,0.1135,0.247666669,1.448,48,0.360182426,11.8880001,0.051
MAC000030,4/27/2013,0.25,0.453229165,1.8279999,48,0.463702541,21.7549999,0.061
MAC000030,4/28/2013,0.3335,0.445479171,1.673,48,0.387317459,21.3830002,0.06
MAC000030,4/29/2013,0.168,0.266791667,1.277,48,0.250577627,12.806,0.061
MAC000030,4/30/2013,0.131,0.147770833,0.309,48,0.070423714,7.093,0.047
MAC000030,5/1/2013,0.122,0.139895833,0.747,48,0.112850728,6.715,0.046
MAC000030,5/2/2013,0.1145,0.1356875,0.528,48,0.097579026,6.513,0.046
MAC000030,5/3/2013,0.1285,0.280270833,1.143,48,0.324201982,13.453,0.048
MAC000030,5/4/2013,0.1325,0.251541667,1.21,48,0.267106637,12.074,0.045
MAC000030,5/5/2013,0.1945,0.338187498,1.355,48,0.295271645,16.2329999,0.064
MAC000030,5/6/2013,0.237,0.362979165,1.3049999,48,0.330693108,17.4229999,0.064
MAC000030,5/7/2013,0.149,0.224479167,1.041,48,0.190951257,10.775,0.064
MAC000030,5/8/2013,0.1425,0.158625,0.472,48,0.07777371,7.614,0.064
MAC000030,5/9/2013,0.141,0.216895833,0.983,48,0.19657084,10.411,0.064
MAC000030,5/10/2013,0.1185,0.1239375,0.269,48,0.041495145,5.949,0.064
MAC000030,5/11/2013,0.1165,0.119375,0.27,48,0.042072695,5.73,0.064
MAC000030,5/12/2013,0.1485,0.30825,1.452,48,0.35364061,14.796,0.056
MAC000030,5/13/2013,0.133,0.196395833,0.869,48,0.196742162,9.427,0.053
MAC000030,5/14/2013,0.1075,0.110604167,0.256,48,0.039111809,5.309,0.053
MAC000030,5/15/2013,0.109,0.132270833,0.417,48,0.073507776,6.349,0.059
MAC000030,5/16/2013,0.106,0.172666667,0.943,48,0.191609125,8.288,0.051
MAC000030,5/17/2013,0.1165,0.261895833,1.973,48,0.38101322,12.571,0.054
MAC000030,5/18/2013,0.128,0.249833333,1.027,48,0.258811961,11.992,0.073
MAC000030,5/19/2013,0.185,0.284958333,1.053,48,0.251219151,13.678,0.065
MAC000030,5/20/2013,0.1515,0.182229167,0.821,48,0.12295826,8.747,0.068
MAC000030,5/21/2013,0.1465,0.2689375,0.947,48,0.261158907,12.909,0.064
MAC000030,5/22/2013,0.1895,0.227625,0.789,48,0.150578265,10.926,0.064
MAC000030,5/23/2013,0.241,0.316604167,1.277,48,0.262579734,15.197,0.064
MAC000030,5/24/2013,0.3235,0.344020833,1.248,48,0.26517457,16.513,0.061
MAC000030,5/25/2013,0.254,0.3969375,1.817,48,0.413038271,19.053,0.064
MAC000030,5/26/2013,0.1465,0.202083333,1.127,48,0.180797387,9.7,0.074
MAC000030,5/27/2013,0.1845,0.325666667,0.973,48,0.264307874,15.632,0.077
MAC000030,5/28/2013,0.171,0.184625,0.442,48,0.085366949,8.862,0.079
MAC000030,5/29/2013,0.1115,0.143395833,0.862,48,0.118477889,6.883,0.07
MAC000030,5/30/2013,0.12,0.143395833,0.38,48,0.072912579,6.883,0.076
MAC000030,5/31/2013,0.1255,0.133020833,0.315,48,0.049778441,6.385,0.065
MAC000030,6/1/2013,0.14,0.218979167,0.856,48,0.186188361,10.511,0.068
MAC000030,6/2/2013,0.2005,0.2824375,1.063,48,0.234460168,13.557,0.067
MAC000030,6/3/2013,0.192,0.2728125,0.891,48,0.217768338,13.095,0.082
MAC000030,6/4/2013,0.154,0.219645833,0.866,48,0.188096568,10.543,0.076
MAC000030,6/5/2013,0.106,0.1220625,0.447,48,0.067530736,5.859,0.065
MAC000030,6/6/2013,0.1035,0.1360625,0.612,48,0.109780323,6.531,0.066
MAC000030,6/7/2013,0.105,0.1075625,0.253,48,0.031796498,5.163,0.062
MAC000030,6/8/2013,0.0965,0.098541667,0.148,48,0.023572395,4.73,0.061
MAC000030,6/9/2013,0.0965,0.094666667,0.129,48,0.017709636,4.544,0.066
MAC000030,6/10/2013,0.0875,0.091395833,0.136,48,0.018211219,4.387,0.061
MAC000030,6/11/2013,0.0925,0.0940625,0.141,48,0.020577209,4.515,0.065
MAC000030,6/12/2013,0.0935,0.096291667,0.258,48,0.031433116,4.622,0.058
MAC000030,6/13/2013,0.089,0.091479167,0.154,48,0.015906629,4.391,0.069
MAC000030,6/14/2013,0.0885,0.124270833,0.655,48,0.10827737,5.965,0.067
MAC000030,6/15/2013,0.1145,0.1380625,0.332,48,0.063639412,6.627,0.071
MAC000030,6/16/2013,0.122,0.147958333,0.895,48,0.117284698,7.102,0.076
MAC000030,6/17/2013,0.126,0.127,0.254,48,0.038469109,6.096,0.082
MAC000030,6/18/2013,0.1225,0.133583333,0.308,48,0.04885316,6.412,0.084
MAC000030,6/19/2013,0.125,0.149875,0.5,48,0.080195937,7.194,0.085
MAC000030,6/20/2013,0.133,0.14325,0.341,48,0.049637623,6.876,0.084
MAC000030,6/21/2013,0.137,0.211229167,1.183,48,0.2033353,10.139,0.086
MAC000030,6/22/2013,0.153,0.267854167,0.981,48,0.238349733,12.857,0.084
MAC000030,6/23/2013,0.2125,0.458375,1.614,48,0.461886908,22.002,0.079
MAC000030,6/24/2013,0.143,0.33425,1.687,48,0.436496521,16.044,0.076
MAC000030,6/25/2013,0.1195,0.13075,0.296,48,0.048546753,6.276,0.073
MAC000030,6/26/2013,0.1235,0.140958333,0.525,48,0.082347721,6.766,0.076
MAC000030,6/27/2013,0.1385,0.142354167,0.251,48,0.044425644,6.833,0.085
MAC000030,6/28/2013,0.1295,0.136520833,0.348,48,0.052810375,6.553,0.074
MAC000030,6/29/2013,0.1295,0.181333333,1.062,48,0.185205847,8.704,0.075
MAC000030,6/30/2013,0.2055,0.305583333,1.067,48,0.248701807,14.668,0.085
MAC000030,7/1/2013,0.188,0.3371875,1.24,48,0.265071139,16.185,0.094
MAC000030,7/2/2013,0.1705,0.1851875,0.357,48,0.059516369,8.889,0.074
MAC000030,7/3/2013,0.158,0.187520833,0.711,48,0.113352583,9.001,0.065
MAC000030,7/4/2013,0.1495,0.188145833,0.701,48,0.129653711,9.031,0.066
MAC000030,7/5/2013,0.155,0.1873125,0.914,48,0.140902132,8.991,0.067
MAC000030,7/6/2013,0.157,0.248770833,1.3,48,0.253886575,11.941,0.066
MAC000030,7/7/2013,0.2205,0.440624998,1.909,48,0.435029688,21.1499999,0.074
MAC000030,7/8/2013,0.167,0.397062504,2.0810001,48,0.46683355,19.0590002,0.068
MAC000030,7/9/2013,0.18,0.314083329,1.9069999,48,0.380879192,15.0759998,0.076
MAC000030,7/10/2013,0.1515,0.168479167,0.626,48,0.089948919,8.087,0.065
MAC000030,7/11/2013,0.18,0.262666669,1.0930001,48,0.217263093,12.6080001,0.067
MAC000030,7/12/2013,0.1495,0.147625,0.306,48,0.051927783,7.086,0.067
MAC000030,7/13/2013,0.1605,0.180083333,0.963,48,0.127465612,8.644,0.068
MAC000030,7/14/2013,0.165,0.169354167,0.395,48,0.06022281,8.129,0.07
MAC000030,7/15/2013,0.163,0.167458333,0.307,48,0.038361083,8.038,0.068
MAC000030,7/16/2013,0.167,0.197395833,0.633,48,0.086039758,9.475,0.074
MAC000030,7/17/2013,0.1675,0.261333333,0.95,48,0.231649619,12.544,0.069
MAC000030,7/18/2013,0.1815,0.278645833,0.865,48,0.209363523,13.375,0.14
MAC000030,7/19/2013,0.152,0.179520833,0.55,48,0.091321268,8.617,0.056
MAC000030,7/20/2013,0.1995,0.279166667,1.066,48,0.231689845,13.4,0.062
MAC000030,7/21/2013,0.147,0.1825625,0.611,48,0.116466945,8.763,0.057
MAC000030,7/22/2013,0.144,0.145958333,0.286,48,0.041603988,7.006,0.061
MAC000030,7/23/2013,0.147,0.147808511,0.25,47,0.029813652,6.947,0.061
MAC000030,7/24/2013,0.142,0.135525,0.166,40,0.024671158,5.421,0.054
MAC000030,7/25/2013,0.14,0.1268125,0.175,48,0.031057021,6.087,0.053
MAC000030,7/26/2013,0.1365,0.1266875,0.249,48,0.033746966,6.081,0.053
MAC000030,7/27/2013,0.1375,0.127458333,0.186,48,0.031289287,6.118,0.052
MAC000030,7/28/2013,0.1385,0.158354167,0.566,48,0.108623983,7.601,0.053
MAC000030,7/29/2013,0.136,0.124791667,0.233,48,0.031881401,5.99,0.065
MAC000030,7/30/2013,0.1305,0.116875,0.185,48,0.033948412,5.61,0.051
MAC000030,7/31/2013,0.114,0.1080625,0.172,48,0.032064699,5.187,0.051
MAC000030,8/1/2013,0.1345,0.145083333,0.662,48,0.11040252,6.964,0.054
MAC000030,8/2/2013,0.1345,0.12375,0.222,48,0.035310477,5.94,0.055
MAC000030,8/3/2013,0.1315,0.113541667,0.172,48,0.033480994,5.45,0.05
MAC000030,8/4/2013,0.129,0.113104167,0.17,48,0.031587932,5.429,0.05
MAC000030,8/5/2013,0.127,0.1140625,0.257,48,0.03911326,5.475,0.049
MAC000030,8/6/2013,0.125,0.111791667,0.178,48,0.035269153,5.366,0.044
MAC000030,8/7/2013,0.119,0.107895833,0.173,48,0.033521819,5.179,0.051
MAC000030,8/8/2013,0.1115,0.107104167,0.17,48,0.03164715,5.141,0.049
MAC000030,8/9/2013,0.1295,0.114270833,0.25,48,0.038056922,5.485,0.05
MAC000030,8/10/2013,0.1165,0.106833333,0.159,48,0.031543508,5.128,0.051
MAC000030,8/11/2013,0.107,0.105833333,0.169,48,0.031742537,5.08,0.05
MAC000030,8/12/2013,0.117,0.1050625,0.164,48,0.032936048,5.043,0.046
MAC000030,8/13/2013,0.12,0.108958333,0.249,48,0.037857492,5.23,0.045
MAC000030,8/14/2013,0.115,0.106229167,0.218,48,0.037355247,5.099,0.046
MAC000030,8/15/2013,0.114,0.1060625,0.172,48,0.031784786,5.091,0.05
MAC000030,8/16/2013,0.1135,0.102833333,0.17,48,0.032917261,4.936,0.047
MAC000030,8/17/2013,0.118,0.109583333,0.243,48,0.037240925,5.26,0.046
MAC000030,8/18/2013,0.0965,0.10275,0.167,48,0.03058751,4.932,0.05
MAC000030,8/19/2013,0.113,0.104104167,0.167,48,0.030640149,4.997,0.044
MAC000030,8/20/2013,0.1135,0.104375,0.17,48,0.033962824,5.01,0.044
MAC000030,8/21/2013,0.126,0.112354167,0.246,48,0.0387323,5.393,0.045
MAC000030,8/22/2013,0.1135,0.1041875,0.175,48,0.032885136,5.001,0.05
MAC000030,8/23/2013,0.106,0.104541667,0.17,48,0.031369424,5.018,0.051
MAC000030,8/24/2013,0.104,0.102291667,0.172,48,0.033377887,4.91,0.044
MAC000030,8/25/2013,0.109,0.107604167,0.23,48,0.035776338,5.165,0.047
MAC000030,8/26/2013,0.1155,0.103854167,0.17,48,0.032851043,4.985,0.047
MAC000030,8/27/2013,0.109,0.101208333,0.169,48,0.033212378,4.858,0.044
MAC000030,8/28/2013,0.0985,0.104020833,0.256,48,0.040097482,4.993,0.046
MAC000030,8/29/2013,0.1295,0.138541667,0.334,48,0.067241375,6.65,0.049
MAC000030,8/30/2013,0.151,0.3358125,1.881,48,0.438607548,16.119,0.053
MAC000030,8/31/2013,0.158,0.2786875,0.99,48,0.235057635,13.377,0.073
MAC000030,9/1/2013,0.2625,0.377666665,1.233,48,0.328706638,18.1279999,0.054
MAC000030,9/2/2013,0.184,0.219791667,0.985,48,0.167390861,10.55,0.06
MAC000030,9/3/2013,0.152,0.1688125,0.739,48,0.10049826,8.103,0.059
MAC000030,9/4/2013,0.141,0.146583333,0.315,48,0.052572881,7.036,0.059
MAC000030,9/5/2013,0.1505,0.200875,0.719,48,0.144749913,9.642,0.056
MAC000030,9/6/2013,0.157,0.184875,0.563,48,0.097636239,8.874,0.063
MAC000030,9/7/2013,0.166,0.412229167,1.757,48,0.421243409,19.787,0.073
MAC000030,9/8/2013,0.3605,0.465250002,1.474,48,0.400014126,22.3320001,0.065
MAC000030,9/9/2013,0.182,0.41104166,2.1359999,48,0.446317871,19.7299997,0.063
MAC000030,9/10/2013,0.125,0.138125,0.326,48,0.057766818,6.63,0.06
MAC000030,9/11/2013,0.1305,0.175895833,0.857,48,0.130056983,8.443,0.063
MAC000030,9/12/2013,0.161,0.360395835,2.358,48,0.532404536,17.2990001,0.064
MAC000030,9/13/2013,0.1195,0.149729167,0.88,48,0.126327292,7.187,0.066
MAC000030,9/14/2013,0.124,0.125125,0.308,48,0.047072884,6.006,0.056
MAC000030,9/15/2013,0.1015,0.100395833,0.282,48,0.041032805,4.819,0.053
MAC000030,9/16/2013,0.0985,0.113520833,0.383,48,0.069991182,5.449,0.052
MAC000030,9/17/2013,0.261,0.2875625,0.796,48,0.195660573,13.803,0.065
MAC000030,9/18/2013,0.1395,0.146333333,0.372,48,0.061451705,7.024,0.064
MAC000030,9/19/2013,0.1175,0.114229167,0.297,48,0.045860213,5.483,0.052
MAC000030,9/20/2013,0.1025,0.097645833,0.141,48,0.026745045,4.687,0.053
MAC000030,9/21/2013,0.1185,0.396312494,1.8839999,48,0.483241088,19.0229997,0.051
MAC000030,9/22/2013,0.2185,0.620145831,2.9630001,48,0.824432411,29.7669999,0.055
MAC000030,9/23/2013,0.1345,0.268041665,1.927,48,0.352927624,12.8659999,0.062
MAC000030,9/24/2013,0.12,0.1435,0.571,48,0.096330106,6.888,0.057
MAC000030,9/25/2013,0.136,0.140583333,0.324,48,0.057548438,6.748,0.055
MAC000030,9/26/2013,0.1145,0.157875,0.62,48,0.126727992,7.578,0.057
MAC000030,9/27/2013,0.1145,0.107979167,0.265,48,0.037846549,5.183,0.053
MAC000030,9/28/2013,0.1015,0.097770833,0.151,48,0.027250797,4.693,0.052
MAC000030,9/29/2013,0.0995,0.098458333,0.162,48,0.026695253,4.726,0.053
MAC000030,9/30/2013,0.094,0.097041667,0.169,48,0.027702798,4.658,0.054
MAC000030,10/1/2013,0.092,0.095708333,0.163,48,0.028892286,4.594,0.053
MAC000030,10/2/2013,0.1055,0.1050625,0.233,48,0.033579633,5.043,0.053
MAC000030,10/3/2013,0.096,0.104291667,0.364,48,0.04834625,5.006,0.053
MAC000030,10/4/2013,0.1455,0.299,1.207,48,0.325825041,14.352,0.055
MAC000030,10/5/2013,0.1465,0.3028125,1.478,48,0.349835624,14.535,0.068
MAC000030,10/6/2013,0.147,0.307958333,1.91,48,0.35244435,14.782,0.064
MAC000030,10/7/2013,0.19,0.2784375,1.605,48,0.322106491,13.365,0.064
MAC000030,10/8/2013,0.17,0.188166667,0.436,48,0.092667177,9.032,0.067
MAC000030,10/9/2013,0.146,0.174270833,0.385,48,0.08381178,8.365,0.068
MAC000030,10/10/2013,0.164,0.247791667,1.118,48,0.252502198,11.894,0.062
MAC000030,10/11/2013,0.1935,0.340333338,1.6950001,48,0.364631352,16.3360002,0.064
MAC000030,10/12/2013,0.1985,0.334104167,1.143,48,0.288442792,16.037,0.062
MAC000030,10/13/2013,0.235,0.373604165,1.687,48,0.385160185,17.9329999,0.064
MAC000030,10/14/2013,0.2195,0.373874998,1.5039999,48,0.388045814,17.9459999,0.063
MAC000030,10/15/2013,0.143,0.190333333,0.943,48,0.162354004,9.136,0.064
MAC000030,10/16/2013,0.176,0.198375,0.451,48,0.095671785,9.522,0.064
MAC000030,10/17/2013,0.141,0.151979167,0.365,48,0.076596342,7.295,0.055
MAC000030,10/18/2013,0.1655,0.1794375,0.569,48,0.100307168,8.613,0.053
MAC000030,10/19/2013,0.1545,0.241583333,0.807,48,0.218865142,11.596,0.064
MAC000030,10/20/2013,0.2075,0.419729167,1.969,48,0.466965794,20.147,0.069
MAC000030,10/21/2013,0.1735,0.339708333,0.966,48,0.292143506,16.306,0.07
MAC000030,10/22/2013,0.1865,0.2889375,1.304,48,0.24235462,13.869,0.069
MAC000030,10/23/2013,0.26,0.319833331,1.4069999,48,0.254637099,15.3519999,0.087
MAC000030,10/24/2013,0.3345,0.450124998,1.6619999,48,0.378826436,21.6059999,0.067
MAC000030,10/25/2013,0.2395,0.285875,0.908,48,0.165410466,13.722,0.083
MAC000030,10/26/2013,0.2555,0.275208333,1.001,48,0.167288,13.21,0.073
MAC000030,10/27/2013,0.1845,0.272895833,0.758,48,0.20133155,13.099,0.072
MAC000030,10/28/2013,0.3045,0.530770831,1.492,48,0.474716182,25.4769999,0.069
MAC000030,10/29/2013,0.2965,0.348666667,0.822,48,0.194905796,16.736,0.07
MAC000030,10/30/2013,0.3165,0.410708333,1.319,48,0.317825923,19.714,0.071
MAC000030,10/31/2013,0.245,0.392729169,1.92,48,0.407652481,18.8510001,0.078
MAC000030,11/1/2013,0.278,0.312979167,0.732,48,0.183629193,15.023,0.07
MAC000030,11/2/2013,0.2415,0.4064375,2.0150001,48,0.404702255,19.509,0.066
MAC000030,11/3/2013,0.1585,0.290625,1.028,48,0.234618897,13.95,0.075
MAC000030,11/4/2013,0.144,0.288145833,1.353,48,0.307111179,13.831,0.063
MAC000030,11/5/2013,0.2345,0.346354169,1.864,48,0.357601261,16.6250001,0.065
MAC000030,11/6/2013,0.1905,0.244,1.235,48,0.213828127,11.712,0.067
MAC000030,11/7/2013,0.142,0.1998125,0.804,48,0.149818423,9.591,0.064
MAC000030,11/8/2013,0.172,0.214395833,0.784,48,0.140378476,10.291,0.063
MAC000030,11/9/2013,0.2205,0.352895833,1.382,48,0.339196374,16.939,0.058
MAC000030,11/10/2013,0.2395,0.476395833,2.119,48,0.492502069,22.867,0.064
MAC000030,11/11/2013,0.19,0.279354167,1.579,48,0.278558408,13.409,0.058
MAC000030,11/12/2013,0.148,0.231708333,0.779,48,0.180637401,11.122,0.072
MAC000030,11/13/2013,0.1375,0.204145833,0.9,48,0.163683138,9.799,0.064
MAC000030,11/14/2013,0.158,0.181354167,0.404,48,0.082524397,8.705,0.075
MAC000030,11/15/2013,0.149,0.204708333,0.63,48,0.1323567,9.826,0.076
MAC000030,11/16/2013,0.1915,0.328208331,1.2029999,48,0.279768359,15.7539999,0.063
MAC000030,11/17/2013,0.1685,0.380354171,1.6160001,48,0.400386498,18.2570002,0.067
MAC000030,11/18/2013,0.216,0.377333331,2.089,48,0.461610187,18.1119999,0.065
MAC000030,11/19/2013,0.19,0.208208333,0.596,48,0.12285417,9.994,0.078
MAC000030,11/20/2013,0.23,0.388104167,1.896,48,0.417751185,18.629,0.063
MAC000030,11/21/2013,0.19,0.230208333,0.818,48,0.165152535,11.05,0.062
MAC000030,11/22/2013,0.1595,0.206916667,0.997,48,0.162976285,9.932,0.058
MAC000030,11/23/2013,0.2005,0.328791662,1.319,48,0.328157901,15.7819998,0.051
MAC000030,11/24/2013,0.297,0.548916665,2.6930001,48,0.65726567,26.3479999,0.063
MAC000030,11/25/2013,0.1935,0.2968125,1.301,48,0.3019484,14.247,0.064
MAC000030,11/26/2013,0.14,0.178645833,0.737,48,0.131518705,8.575,0.055
MAC000030,11/27/2013,0.115,0.1669375,0.433,48,0.106199212,8.013,0.049
MAC000030,11/28/2013,0.1205,0.154083333,0.398,48,0.083984759,7.396,0.05
MAC000030,11/29/2013,0.122,0.181958333,0.901,48,0.178502513,8.734,0.053
MAC000030,11/30/2013,0.1315,0.289999998,1.243,48,0.320360762,13.9199999,0.05
MAC000030,12/1/2013,0.2585,0.515770833,2.345,48,0.584257641,24.757,0.058
MAC000030,12/2/2013,0.135,0.192458333,0.838,48,0.151646419,9.238,0.064
MAC000030,12/3/2013,0.106,0.11275,0.245,48,0.048433547,5.412,0.048
MAC000030,12/4/2013,0.114,0.21025,1.694,48,0.323971203,10.092,0.047
MAC000030,12/5/2013,0.1045,0.116979167,0.253,48,0.058737602,5.615,0.047
MAC000030,12/6/2013,0.108,0.116708333,0.25,48,0.055381062,5.602,0.047
MAC000030,12/7/2013,0.117,0.1196875,0.255,48,0.054030392,5.745,0.048
MAC000030,12/8/2013,0.109,0.112958333,0.233,48,0.04802657,5.422,0.047
MAC000030,12/9/2013,0.127,0.2306875,1.476,48,0.288594846,11.073,0.048
MAC000030,12/10/2013,0.129,0.156354167,0.349,48,0.078203632,7.505,0.048
MAC000030,12/11/2013,0.2225,0.236645833,0.76,48,0.154587094,11.359,0.049
MAC000030,12/12/2013,0.1205,0.1514375,0.592,48,0.107210651,7.269,0.048
MAC000030,12/13/2013,0.1765,0.2056875,0.782,48,0.138313113,9.873,0.048
MAC000030,12/14/2013,0.1925,0.358041667,1.581,48,0.369675991,17.186,0.065
MAC000030,12/15/2013,0.2875,0.571604169,2.0780001,48,0.579469529,27.4370001,0.062
MAC000030,12/16/2013,0.237,0.311270833,1.324,48,0.264655194,14.941,0.056
MAC000030,12/17/2013,0.142,0.193541667,0.51,48,0.117707889,9.29,0.052
MAC000030,12/18/2013,0.1335,0.164604167,0.46,48,0.095537391,7.901,0.048
MAC000030,12/19/2013,0.1935,0.259125,1.03,48,0.212679824,12.438,0.058
MAC000030,12/20/2013,0.1935,0.25325,1.375,48,0.239968216,12.156,0.049
MAC000030,12/21/2013,0.3985,0.557645829,1.964,48,0.526878051,26.7669998,0.064
MAC000030,12/22/2013,0.2805,0.564666665,3.0309999,48,0.606849839,27.1039999,0.055
MAC000030,12/23/2013,0.2155,0.295895833,1.358,48,0.277717079,14.203,0.067
MAC000030,12/24/2013,0.182,0.220583333,0.562,48,0.147278551,10.588,0.054
MAC000030,12/25/2013,0.3375,0.626500002,2.2019999,48,0.585943027,30.0720001,0.067
MAC000030,12/26/2013,0.291,0.415937498,1.1339999,48,0.285848445,19.9649999,0.084
MAC000030,12/27/2013,0.224,0.315479167,1.335,48,0.282442914,15.143,0.051
MAC000030,12/28/2013,0.1775,0.230083333,0.716,48,0.132792725,11.044,0.068
MAC000030,12/29/2013,0.256,0.4546875,1.522,48,0.437610298,21.825,0.06
MAC000030,12/30/2013,0.131,0.178354167,0.958,48,0.154594802,8.561,0.059
MAC000030,12/31/2013,0.1305,0.1641875,0.635,48,0.109441844,7.881,0.049
MAC000030,1/1/2014,0.1645,0.213416665,1.0039999,48,0.171886127,10.2439999,0.048
MAC000030,1/2/2014,0.2095,0.344312498,1.1339999,48,0.32314624,16.5269999,0.061
MAC000030,1/3/2014,0.147,0.1903125,0.737,48,0.126659899,9.135,0.066
MAC000030,1/4/2014,0.15,0.427666669,1.689,48,0.475938107,20.5280001,0.059
MAC000030,1/5/2014,0.2535,0.528291667,1.903,48,0.546754913,25.358,0.068
MAC000030,1/6/2014,0.1345,0.2161875,0.901,48,0.18595397,10.377,0.059
MAC000030,1/7/2014,0.1745,0.276708333,1.6,48,0.319273241,13.282,0.055
MAC000030,1/8/2014,0.161,0.188541667,0.582,48,0.111632939,9.05,0.049
MAC000030,1/9/2014,0.1355,0.154979167,0.409,48,0.081419975,7.439,0.053
MAC000030,1/10/2014,0.1275,0.176729167,0.573,48,0.131347313,8.483,0.052
MAC000030,1/11/2014,0.2235,0.403416667,1.645,48,0.415035032,19.364,0.05
MAC000030,1/12/2014,0.237,0.4351875,1.554,48,0.405548415,20.889,0.063
MAC000030,1/13/2014,0.219,0.352916669,1.744,48,0.378508885,16.9400001,0.061
MAC000030,1/14/2014,0.136,0.172854167,0.417,48,0.095783664,8.297,0.054
MAC000030,1/15/2014,0.1295,0.2013125,0.601,48,0.160546428,9.663,0.048
MAC000030,1/16/2014,0.2245,0.386229167,1.477,48,0.417456036,18.539,0.049
MAC000030,1/17/2014,0.156,0.279255319,0.932,47,0.223911616,13.125,0.058
MAC000030,1/18/2014,0.2275,0.366395833,1.4119999,48,0.343426645,17.587,0.054
MAC000030,1/19/2014,0.2225,0.326854165,1.365,48,0.295544856,15.6889999,0.053
MAC000030,1/20/2014,0.151,0.229520833,0.704,48,0.162067361,11.017,0.057
MAC000030,1/21/2014,0.1525,0.180645833,0.452,48,0.102520676,8.671,0.058
MAC000030,1/22/2014,0.148,0.173,0.456,48,0.096633328,8.304,0.059
MAC000030,1/23/2014,0.164,0.19375,0.784,48,0.130920067,9.3,0.052
MAC000030,1/24/2014,0.146,0.17425,0.463,48,0.092120065,8.364,0.058
MAC000030,1/25/2014,0.1345,0.328708333,1.964,48,0.371523486,15.778,0.05
MAC000030,1/26/2014,0.237,0.4774375,2.2820001,48,0.545047021,22.917,0.065
MAC000030,1/27/2014,0.159,0.226416667,0.669,48,0.15912792,10.868,0.055
MAC000030,1/28/2014,0.183,0.2808125,1.096,48,0.26342407,13.479,0.057
MAC000030,1/29/2014,0.1715,0.263541665,1.2079999,48,0.246449759,12.6499999,0.059
MAC000030,1/30/2014,0.1305,0.14925,0.464,48,0.083247261,7.164,0.047
MAC000030,1/31/2014,0.107,0.1483125,0.493,48,0.106959558,7.119,0.047
MAC000030,2/1/2014,0.3085,0.401416667,1.898,48,0.3905061,19.268,0.049
MAC000030,2/2/2014,0.263,0.427666667,1.648,48,0.436530827,20.528,0.06
MAC000030,2/3/2014,0.163,0.300458333,1.585,48,0.327926559,14.422,0.059
MAC000030,2/4/2014,0.1645,0.185229167,0.529,48,0.101796677,8.891,0.059
MAC000030,2/5/2014,0.1255,0.179875,0.411,48,0.116618605,8.634,0.048
MAC000030,2/6/2014,0.133,0.194354167,0.852,48,0.149505353,9.329,0.047
MAC000030,2/7/2014,0.1315,0.341541667,1.454,48,0.358488313,16.394,0.045
MAC000030,2/8/2014,0.266,0.326458333,0.966,48,0.224284959,15.67,0.049
MAC000030,2/9/2014,0.277,0.440062496,1.666,48,0.425842658,21.1229998,0.054
MAC000030,2/10/2014,0.2155,0.3276875,1.199,48,0.303587988,15.729,0.065
MAC000030,2/11/2014,0.1405,0.205145833,0.547,48,0.152520942,9.847,0.048
MAC000030,2/12/2014,0.2865,0.4415625,2.3410001,48,0.516124013,21.195,0.048
MAC000030,2/13/2014,0.2375,0.306604167,1.12,48,0.260220671,14.717,0.084
MAC000030,2/14/2014,0.1555,0.246333331,1.479,48,0.286867323,11.8239999,0.048
MAC000030,2/15/2014,0.1725,0.188520833,1.082,48,0.153428477,9.049,0.05
MAC000030,2/16/2014,0.1485,0.18475,0.563,48,0.116285873,8.868,0.049
MAC000030,2/17/2014,0.1555,0.1666875,0.317,48,0.06722055,8.001,0.054
MAC000030,2/18/2014,0.1295,0.1599375,0.918,48,0.131996197,7.677,0.053
MAC000030,2/19/2014,0.186,0.207770833,0.552,48,0.127817063,9.973,0.049
MAC000030,2/20/2014,0.164,0.2043125,0.871,48,0.165931562,9.807,0.047
MAC000030,2/21/2014,0.1235,0.1441875,0.417,48,0.08704087,6.921,0.048
MAC000030,2/22/2014,0.1725,0.301125,1.323,48,0.297986122,14.454,0.054
MAC000030,2/23/2014,0.2465,0.570312502,2.1600001,48,0.610688777,27.3750001,0.059
MAC000030,2/24/2014,0.2055,0.2810625,1.008,48,0.233344454,13.491,0.065
MAC000030,2/25/2014,0.1345,0.165708333,0.718,48,0.111972063,7.954,0.053
MAC000030,2/26/2014,0.132,0.180625,0.729,48,0.135668812,8.67,0.048
MAC000030,2/27/2014,0.1635,0.187208333,0.686,48,0.122219189,8.986,0.049
MAC000030,2/28/2014,0.078,0.078,0.078,1,,0.078,0.078
